Station ID,Rainfall Measurement (mm),Latitude,Longitude,Country,County
E7050,0.0,52.186277,-1.171327,England,County not found
4163,,52.986245,-1.163701,England,County not found
0890TH,0.0,51.692891,-1.672984,England,County not found
E1310,,52.493886,-0.649292,England,County not found
3680,0.0,52.73152,-0.995167,England,County not found
3275,0.0,52.635078,-1.944539,England,County not found
3167,0.0,52.419334,-1.990391,England,County not found
3307,0.0,53.196879,-1.901908,England,County not found
3404,"[0.0, 0.2]",53.287863,-1.579192,England,County not found
3014,0.0,52.886657,-2.182004,England,County not found
3901,0.0,53.305797,-1.088289,England,County not found
3999,0.0,52.564065,-1.199634,England,County not found
1412,0.0,52.47914,-2.975413,England,County not found
E13600,0.0,50.880106,-1.558591,England,County not found
242534TP,0.0,51.807828,-0.03963,England,County not found
E8520,0.0,51.039914,-0.097897,England,County not found
276316TP,0.0,51.718037,-0.217242,England,County not found
E10130,0.0,51.185738,-0.408138,England,County not found
E24238,0.0,52.323011,-0.206231,England,County not found
E10510,,51.053802,-0.642384,England,County not found
000181TP,0.0,51.730021,0.040992,England,County not found
238605TP,0.0,51.722932,0.136235,England,County not found
52210,0.0,51.116625,-2.434971,England,County not found
47161,0.1,50.516447,-4.209541,England,County not found
E1039,0.0,53.102452,0.317508,England,County not found
E8770,0.0,50.893868,0.081008,England,County not found
244569TP,0.0,51.727077,-0.10539,England,County not found
595273,0.0,54.760082,-3.214413,England,County not found
46104,0.0,50.53756,-3.702476,England,County not found
077066,0.2,53.70469,-2.135531,England,County not found
E24195,0.0,52.103622,0.807145,England,County not found
000900,0.0,55.591879,-1.854785,England,County not found
038179,0.0,54.105159,-0.642597,England,County not found
242819TP,0.0,51.827809,0.054118,England,County not found
1113,,51.799795,-2.148586,England,County not found
43202,0.3,50.896473,-2.390258,England,County not found
48148,0.0,50.171774,-5.437334,England,County not found
037292,0.0,54.204227,-0.30358,England,County not found
086575,0.0,53.591095,-1.271011,England,County not found
E1179,0.0,52.456899,-1.052938,England,County not found
E4753,0.0,51.160348,1.119955,England,County not found
E24847,0.0,51.889291,0.584473,England,County not found
3173,0.0,53.017139,-1.981319,England,County not found
082732,0.2,53.352459,-1.545506,England,County not found
E4500,0.0,51.154584,0.889296,England,County not found
VCHURCH-T_TG_341,0.0,52.023749,-2.92175,England,County not found
VCHURCH-T_TG_341,,52.023749,-2.92175,England,County not found
52100,0.0,51.054044,-3.336105,England,County not found
E46612,0.0,53.346199,0.015208,England,County not found
040752,0.0,53.983799,-0.227143,England,County not found
267661TP,0.0,51.388049,-1.53073,England,County not found
074108,0.2,53.911448,-2.098144,England,County not found
241961TP,0.0,51.97304,-0.025147,England,County not found
1117,,51.758734,-2.612081,England,County not found
45232,0.0,50.882121,-3.092361,England,County not found
48199,0.0,50.356962,-4.730773,England,County not found
E7055,0.0,52.327013,-1.00142,England,County not found
E7045,0.0,52.185547,-0.867095,England,County not found
44200,0.0,50.837132,-2.59994,England,County not found
058461,0.0,53.979278,-1.646973,England,County not found
E4530,0.0,51.156945,1.009589,England,County not found
1339,0.0,52.718219,-2.570654,England,County not found
564769,0.0,53.300189,-2.155251,England,County not found
564769,,53.300189,-2.155251,England,County not found
43228,0.1,50.968057,-2.158729,England,County not found
E22255,0.0,52.170162,0.400362,England,County not found
E23717,0.0,52.132732,-0.418436,England,County not found
921083,0.0,55.502931,-2.138485,England,County not found
47101,0.2,50.804076,-4.356504,England,County not found
300874,0.0,51.373888,1.173263,England,County not found
3602,0.0,52.813347,-0.803365,England,County not found
49171,0.0,50.419841,-4.409173,England,County not found
45101,,51.138375,-3.758795,England,County not found
E9340,0.0,50.986805,-0.268198,England,County not found
E45871,0.0,53.676809,-0.524692,England,County not found
43102,0.0,51.067961,-2.063451,England,County not found
3015,0.0,52.808314,-1.74405,England,County not found
47167,0.0,50.377366,-3.992093,England,County not found
277407TP,0.0,51.686586,-0.341445,England,County not found
E1815,0.0,53.041102,-0.374951,England,County not found
270400TP,,51.44172,-0.937391,England,County not found
E44121,0.0,51.931385,0.712001,England,County not found
47105,0.1,50.686858,-4.234529,England,County not found
E44111,0.0,51.874052,0.368575,England,County not found
E24289,0.0,52.172202,0.251294,England,County not found
49149,0.0,50.679797,-4.695684,England,County not found
E871,0.0,51.274484,0.217164,England,County not found
1201,0.0,52.343809,-1.955178,England,County not found
E7155,0.0,52.645246,-0.420704,England,County not found
E12560,0.0,51.006173,-1.114132,England,County not found
082672,0.0,53.324572,-1.539797,England,County not found
52224,0.0,51.173877,-2.508462,England,County not found
E24935,0.0,51.702642,0.87633,England,County not found
E45881,0.0,53.219937,-0.507486,England,County not found
51127,0.007,51.163886,-3.611019,England,County not found
1814,0.0,52.481443,-1.558947,England,County not found
264845TP,0.0,51.532367,-1.135676,England,County not found
063518,0.0,53.876425,-1.532241,England,County not found
48100,0.0,50.127328,-5.568494,England,County not found
282781TP,0.0,51.256125,-0.566214,England,County not found
E1971,0.0,52.452473,-0.605675,England,County not found
274918TP,0.0,51.440044,-0.766213,England,County not found
531178,0.017,51.596598,-2.146477,England,County not found
52228,0.0,51.440951,-2.8222,England,County not found
48106,0.0,50.390633,-4.752406,England,County not found
48192,0.0,50.238386,-5.248557,England,County not found
1331,0.2,52.596394,-2.471631,England,County not found
055223,,54.364209,-1.297407,England,County not found
551706,0.0,53.055708,-2.6691,England,County not found
45230,0.0,50.752768,-3.256625,England,County not found
3687,0.0,52.723063,-0.765859,England,County not found
3165,0.0,52.399545,-2.050654,England,County not found
260221TP,,51.63431,-1.505077,England,County not found
E15720,,51.291987,0.195058,England,County not found
E15720,0.0,51.291987,0.195058,England,County not found
52102,0.145,51.064754,-2.737025,England,County not found
074329,0.0,53.986087,-1.999194,England,County not found
E15520,,51.395266,0.296316,England,County not found
E15520,0.0,51.395266,0.296316,England,County not found
E1965,,52.5771,-0.125035,England,County not found
E15510,0.1,51.307175,0.102521,England,County not found
598928,0.6,54.524262,-2.505948,England,County not found
43200,0.1,51.044768,-2.4129,England,County not found
1712,0.0,52.639137,-2.325793,England,County not found
287283TP,0.0,51.449283,-0.224851,England,County not found
3782,0.0,52.736673,-1.993285,England,County not found
3588,0.0,52.958861,-1.577925,England,County not found
551440,0.0,53.276556,-2.854006,England,County not found
564154,0.2,53.497891,-2.499671,England,County not found
3572,0.0,53.311933,-1.898644,England,County not found
251530TP,0.1,51.689762,-1.679516,England,County not found
E10450,0.0,50.933357,-0.647317,England,County not found
E3240,0.0,51.389586,0.842268,England,County not found
591642,0.0,54.525099,-3.417569,England,County not found
E7295,0.6,50.814838,0.358583,England,County not found
49102,0.0,50.382424,-4.56061,England,County not found
E1613,0.0,53.397417,-0.269659,England,County not found
E7095,0.0,53.326702,-0.11185,England,County not found
E24874,0.0,51.906849,1.087118,England,County not found
268851TP,0.0,51.462587,-1.327004,England,County not found
247281TP,0.0,51.67255,-0.366544,England,County not found
006403,0.0,55.237908,-1.918977,England,County not found
1773,0.0,52.222319,-2.17488,England,County not found
008850,0.0,55.255608,-2.540374,England,County not found
013045,0.0,54.742208,-2.378185,England,County not found
E14930,0.0,50.623497,-1.307947,England,County not found
1748,0.0,52.481743,-2.579368,England,County not found
035302,0.0,54.517093,-0.752561,England,County not found
E11120,0.0,50.78281,-0.694221,England,County not found
1387,0.0,52.424304,-3.172736,England,County not found
077952,0.4,53.772138,-1.90361,England,County not found
3998,0.0,53.396184,-0.931457,England,County not found
E24894,,51.890899,1.212487,England,County not found
554472,0.0,53.169907,-2.103919,England,County not found
026297,0.0,54.701508,-1.198486,England,County not found
591878,0.0,54.529816,-3.545999,England,County not found
1812,0.0,51.89986,-2.41343,England,County not found
552376,0.0,52.965913,-2.459268,England,County not found
077800,0.2,53.636457,-2.005248,England,County not found
013336,0.0,54.774946,-2.516845,England,County not found
47113,0.0,50.418385,-3.960029,England,County not found
45108,0.0,50.884946,-3.487642,England,County not found
E6270,0.0,51.032353,0.577858,England,County not found
3610,0.0,52.655516,-1.302927,England,County not found
E11060,0.0,50.853543,-0.666675,England,County not found
E24763,0.2,51.949875,-0.766824,England,County not found
583948,0.0,54.064769,-2.863989,England,County not found
47168,0.0,50.660116,-4.359193,England,County not found
47158,,50.771514,-4.228634,England,County not found
51125,0.0,51.193548,-3.612054,England,County not found
E7780,0.0,50.80213,0.081187,England,County not found
43104,0.0,51.220377,-1.669896,England,County not found
248332TP,0.0,51.672207,-1.952948,England,County not found
3816,0.0,53.130665,-1.23847,England,County not found
031555,0.0,54.469846,-1.099639,England,County not found
E1320,0.0,51.202399,0.077705,England,County not found
46100,0.398,50.390977,-3.70144,England,County not found
3686,0.0,52.544833,-1.031877,England,County not found
553564,0.0,53.113166,-2.501173,England,County not found
553564,,53.113166,-2.501173,England,County not found
45164,0.0,50.614674,-3.380154,England,County not found
53159,0.014,51.366659,-2.621201,England,County not found
057426,0.0,54.18467,-1.901124,England,County not found
E2493,0.0,52.814,0.01276,England,County not found
239374TP,0.0,51.575345,0.041271,England,County not found
3099,0.0,52.807639,-1.889433,England,County not found
077836,0.6,53.657107,-1.925056,England,County not found
078530,0.8,53.592394,-1.929702,England,County not found
600683,0.0,54.592579,-2.950962,England,County not found
E11480,0.0,51.253545,-1.255547,England,County not found
074924,0.0,53.829697,-1.976406,England,County not found
E11470,0.0,50.852298,-0.990615,England,County not found
000008,0.0,53.480556,-1.441674,England,County not found
E21018,0.0,51.587908,0.506691,England,County not found
48180,0.0,50.382625,-4.896844,England,County not found
570099,0.0,53.511139,-2.721493,England,County not found
E5640,0.0,51.05909,0.821971,England,County not found
E24863,0.0,51.857943,0.698866,England,County not found
254829TP,0.3,51.938474,-1.573015,England,County not found
3580,,53.047163,-1.641206,England,County not found
E27594,0.0,52.735167,-0.4219,England,County not found
50112,0.2,51.219415,-3.751859,England,County not found
564595,0.0,53.240041,-2.077118,England,County not found
049902,0.0,54.130296,-1.656404,England,County not found
E1290,0.0,51.236919,-0.046806,England,County not found
3570,0.0,53.029694,-1.914215,England,County not found
1792,0.0,52.307409,-2.728158,England,County not found
008632,,55.047076,-1.446712,England,County not found
E14893,0.0,50.754772,-1.304596,England,County not found
E4510,0.0,51.105558,0.979102,England,County not found
E4520,0.0,51.225958,0.726173,England,County not found
005782,0.0,55.154354,-1.944254,England,County not found
E41311,0.0,51.520749,0.616886,England,County not found
E2331,0.0,52.473204,-0.862668,England,County not found
920359,0.0,55.553328,-1.997587,England,County not found
1119,0.0,52.031946,-2.435056,England,County not found
030377,0.0,54.526112,-1.506309,England,County not found
E27601,0.0,51.530977,0.519422,England,County not found
3179,0.0,52.69041,-0.920654,England,County not found
49151,0.0,50.480775,-4.463019,England,County not found
238777TP,0.0,51.736595,0.223782,England,County not found
083534,0.0,53.250698,-1.498624,England,County not found
3996,0.0,52.897989,-0.911045,England,County not found
47157,0.0,50.431628,-4.270363,England,County not found
559586,0.6,53.534889,-2.012778,England,County not found
E25041,0.2,52.786909,-0.264322,England,County not found
037973,0.2,54.297778,-1.167931,England,County not found
E9360,0.0,50.929113,-0.384184,England,County not found
E9350,0.0,50.999283,-0.143741,England,County not found
248965TP,0.0,51.792696,-2.00792,England,County not found
3860,0.0,53.407215,-1.191422,England,County not found
000032,,54.505434,-0.84558,England,County not found
587552,0.0,54.313112,-2.946042,England,County not found
587552,,54.313112,-2.946042,England,County not found
E7135,0.0,53.572235,-0.236854,England,County not found
E2420,0.0,51.130083,0.749109,England,County not found
E11820,0.0,50.828711,-1.195588,England,County not found
062046,0.0,54.071438,-1.913617,England,County not found
44215,0.3,50.743404,-2.638425,England,County not found
E24925,0.0,51.644031,0.489549,England,County not found
3057,0.0,52.730505,-1.571247,England,County not found
E23633,0.2,51.996269,-0.242627,England,County not found
1413,0.0,52.325619,-2.226643,England,County not found
559100R,,53.45937,-1.93444,England,County not found
559100R,,53.45937,-1.93444,England,County not found
531172,0.0,51.277706,-2.608531,England,County not found
E2416,0.0,52.808243,-0.129942,England,County not found
E24957,0.0,52.101218,0.906298,England,County not found
E24947,0.0,52.165978,0.556609,England,County not found
261602TP,0.0,51.772802,-0.689041,England,County not found
261602TP,,51.772802,-0.689041,England,County not found
E24790,0.0,52.409069,1.30592,England,County not found
E7165,0.0,52.766451,-0.623828,England,County not found
53115,0.0,51.210084,-2.450167,England,County not found
E9290,0.0,51.04624,-0.400084,England,County not found
48182,0.0,50.249425,-5.040268,England,County not found
570231,0.0,53.596101,-2.789423,England,County not found
1082,0.6,52.186855,-1.418519,England,County not found
1121,0.0,52.718322,-2.717219,England,County not found
261021TP,0.0,51.653876,-1.288038,England,County not found
1770,0.2,52.288216,-1.222206,England,County not found
602253,0.0,54.779014,-2.608625,England,County not found
288504TP,0.0,51.349274,0.009666,England,County not found
269627TP,0.0,51.345161,-1.239706,England,County not found
596791,0.0,54.843273,-3.064299,England,County not found
259110TP,0.0,51.886777,-1.156503,England,County not found
E15500,0.0,51.435174,0.135731,England,County not found
564160,0.0,53.381621,-2.570469,England,County not found
1760,0.0,52.140634,-1.974376,England,County not found
E7420,0.0,50.788104,0.060701,England,County not found
569848,0.0,53.58714,-2.633659,England,County not found
E5451,0.0,51.007531,0.978517,England,County not found
E13980,0.0,51.218761,-1.473747,England,County not found
003232,0.0,55.312483,-1.909373,England,County not found
2321SO,0.0,50.83729,-0.377415,England,County not found
3185,0.0,52.407451,-1.784594,England,County not found
E2510,0.0,52.535424,-0.981957,England,County not found
023839,0.0,54.829815,-1.807716,England,County not found
3774,0.0,53.579885,-0.869434,England,County not found
E23535,,51.747187,0.62561,England,County not found
239258TP,0.0,51.664377,0.040933,England,County not found
E12821,0.0,51.085476,-1.13689,England,County not found
490001TP,0.0,51.903913,0.021245,England,County not found
593893,0.0,54.703741,-3.274806,England,County not found
E14900,0.0,50.677559,-1.505295,England,County not found
43206,0.0,50.755798,-1.814938,England,County not found
019356,,54.999168,-1.605255,England,County not found
E22283,0.0,52.402761,0.279187,England,County not found
026644,0.0,54.656189,-2.285935,England,County not found
3778,0.0,52.687955,-1.796533,England,County not found
E24884,0.0,51.683977,0.715993,England,County not found
1793,0.0,52.518531,-2.881966,England,County not found
53110,0.0,51.341928,-2.266258,England,County not found
53100,0.0,51.633453,-2.15382,England,County not found
E24703,0.09,52.023252,-1.13062,England,County not found
015347,0.0,54.804602,-2.221644,England,County not found
036225,0.0,54.344552,-0.754715,England,County not found
52148,0.0,50.853381,-2.745053,England,County not found
571479,0.0,54.217501,-2.3335,England,County not found
52203,0.0,51.408672,-2.666341,England,County not found
531101,0.0,51.633863,-2.371995,England,County not found
1602,0.0,52.05292,-2.737138,England,County not found
E25033,0.0,53.449299,0.032134,England,County not found
008062,0.0,55.132825,-1.538065,England,County not found
47155,0.0,50.416367,-4.126049,England,County not found
E37241,0.0,51.94816,0.481622,England,County not found
E37051,0.0,51.732496,0.516133,England,County not found
249744TP,0.0,51.568666,-1.811661,England,County not found
E43041,,51.59932,0.300821,England,County not found
53114,0.0,51.230621,-2.486172,England,County not found
033108NE,0.0,54.543358,-1.201588,England,County not found
53104,0.0,51.538159,-2.480793,England,County not found
E13261,0.0,50.788809,-1.033124,England,County not found
50199,0.0,50.873373,-3.798545,England,County not found
47159,0.0,50.644847,-4.529589,England,County not found
036487,0.0,54.408361,-0.754323,England,County not found
E24913,0.0,51.815014,0.765948,England,County not found
E11080,0.0,50.828064,-0.805132,England,County not found
592860,1.0,54.56648,-3.063261,England,County not found
586056,0.0,54.262864,-2.811323,England,County not found
3688,0.0,52.6315,-1.077247,England,County not found
53109,0.0,51.360132,-2.138539,England,County not found
E21234,0.0,52.633846,1.556421,England,County not found
E24506,0.05,52.898685,0.4791,England,County not found
266474TP,,51.412945,-1.726028,England,County not found
48170,0.0,50.131262,-5.251088,England,County not found
E37151,0.0,51.904776,0.848521,England,County not found
028185,0.0,54.560368,-1.983723,England,County not found
46106,0.0,50.548234,-3.940001,England,County not found
246424TP,0.0,51.501145,-0.205547,England,County not found
44101,0.1,50.800366,-2.738533,England,County not found
003066,0.0,55.350136,-2.171067,England,County not found
1687,0.0,52.016552,-2.653481,England,County not found
43204,0.0,50.864669,-2.139905,England,County not found
3766,0.0,53.005795,-1.251101,England,County not found
3576,0.4,53.093957,-1.658736,England,County not found
E5670,0.0,50.943595,0.945951,England,County not found
281186TP,0.0,51.119894,-0.851916,England,County not found
E5660,0.0,51.083056,0.871982,England,County not found
577805,,53.979672,-2.679249,England,County not found
581159,0.1,54.31472,-2.538727,England,County not found
1335,0.0,52.863499,-3.123644,England,County not found
251556TP,0.1,51.826782,-1.862825,England,County not found
041238,0.0,53.867134,-0.367439,England,County not found
E22205,0.0,52.121748,-0.215784,England,County not found
060947,0.4,54.218703,-2.195488,England,County not found
50106,0.0,50.737466,-3.91805,England,County not found
E160,0.0,51.384733,0.626364,England,County not found
000075TP,0.0,51.084022,-0.214597,England,County not found
598691,0.3,54.569482,-2.432265,England,County not found
085322,0.2,53.571934,-1.588459,England,County not found
52201,0.0,51.270102,-2.682969,England,County not found
253861TP,0.2,51.794582,-1.562775,England,County not found
E45811,0.0,53.497914,-0.196218,England,County not found
E37291,0.0,52.013331,0.746104,England,County not found
E6280,0.0,50.931554,0.580819,England,County not found
E24751,0.0,52.46533,0.054229,England,County not found
578009,0.0,53.927308,-2.719516,England,County not found
E44101,0.0,51.793436,0.648601,England,County not found
50187,0.0,50.909721,-4.380331,England,County not found
E46161,0.05,51.511603,0.583211,England,County not found
036704,0.0,54.434842,-0.550006,England,County not found
45168,0.0,50.973456,-3.383642,England,County not found
265415TP,0.0,51.465368,-1.197403,England,County not found
44100,0.6,50.778033,-2.848812,England,County not found
E42971,0.0,52.181011,0.952464,England,County not found
46160,0.0,50.473478,-3.89184,England,County not found
567866,0.0,53.460365,-2.916431,England,County not found
531108,0.0,51.237472,-2.325815,England,County not found
018777,0.0,54.860973,-1.670477,England,County not found
077256,0.0,53.798228,-2.056887,England,County not found
E21288,0.0,52.447056,1.60611,England,County not found
577417,0.0,53.908061,-3.019063,England,County not found
276956TP,0.0,51.828295,-0.446536,England,County not found
035488,0.0,54.438313,-0.976984,England,County not found
45236,0.0,50.776987,-3.176428,England,County not found
E7065,0.0,52.56456,-0.5077,England,County not found
E4540,0.0,51.202987,0.784947,England,County not found
46108,0.0,50.641897,-3.877381,England,County not found
E22876,,51.736858,0.480165,England,County not found
44103,1.0,50.707087,-2.698828,England,County not found
256230TP,0.0,51.749085,-1.272057,England,County not found
274178TP,0.0,51.667285,-0.923447,England,County not found
E2365,0.0,52.632078,-0.313309,England,County not found
3652,0.0,52.836792,-1.251041,England,County not found
596026,0.0,54.849851,-3.310562,England,County not found
596026,,54.849851,-3.310562,England,County not found
E11040,0.0,50.889075,-0.881768,England,County not found
E14910,0.0,50.722216,-1.142162,England,County not found
E12580,0.0,51.089429,-1.328148,England,County not found
000102TP,,51.914149,0.249994,England,County not found
041917,0.0,53.805201,-0.309101,England,County not found
3616,0.0,53.22531,-1.701132,England,County not found
52222,0.0,51.133861,-2.392257,England,County not found
056505,0.0,54.073241,-1.337477,England,County not found
240350TP,0.0,51.813497,-0.287465,England,County not found
278744TP,0.0,51.690006,-0.530846,England,County not found
E2463,0.0,52.665732,-0.158215,England,County not found
E5727,0.1,52.872934,0.138821,England,County not found
601304,0.6,54.536396,-2.762648,England,County not found
E22231,0.0,51.999613,-0.629985,England,County not found
026958,0.0,54.683225,-2.252002,England,County not found
E24879,0.12,51.616598,0.593505,England,County not found
240201TP,0.0,51.884151,-0.454782,England,County not found
47163,0.0,50.366737,-4.230702,England,County not found
1165,0.2,52.205609,-1.605581,England,County not found
1155,0.0,52.417004,-1.12584,England,County not found
49106,,50.639798,-4.675005,England,County not found
280826TP,0.0,51.226121,-0.774805,England,County not found
561299,1.0,53.65712,-2.049131,England,County not found
560943,0.0,53.697953,-2.353609,England,County not found
E37081,0.0,52.84066,1.075753,England,County not found
45102,0.0,51.129849,-3.534087,England,County not found
023164,0.0,54.610418,-1.740626,England,County not found
49105,0.199,50.558792,-4.637937,England,County not found
016140,0.0,54.960162,-2.160033,England,County not found
E25051,0.2,53.235003,0.102885,England,County not found
287864TP,0.0,51.380452,-0.135546,England,County not found
45158,0.0,51.06991,-3.643436,England,County not found
E802,0.0,51.194952,0.237676,England,County not found
E24901,0.0,51.793116,0.963307,England,County not found
025394,0.0,54.894495,-1.489343,England,County not found
603111,0.0,55.093207,-2.481773,England,County not found
592848,,54.532336,-3.062374,England,County not found
E8530,0.0,50.913393,0.044891,England,County not found
E42961,0.0,52.945882,0.745281,England,County not found
47166,0.602,50.549928,-3.999359,England,County not found
264254TP,0.0,51.617635,-1.115281,England,County not found
E24746,0.2,52.089557,-0.0565,England,County not found
282290TP,0.0,51.143947,-0.512508,England,County not found
E270,0.0,51.321154,0.447621,England,County not found
E42991,0.0,52.558433,1.367321,England,County not found
E42981,0.0,52.554012,1.032047,England,County not found
E7200,0.0,52.555577,-0.828089,England,County not found
287722TP,0.0,51.344874,-0.103964,England,County not found
E14080,0.0,51.252655,-1.256994,England,County not found
E46061,0.0,53.546796,-0.159424,England,County not found
1740,0.0,52.392235,-1.324715,England,County not found
E1681,0.0,51.067661,0.215829,England,County not found
E27621,0.0,51.542522,0.567655,England,County not found
50110,0.0,51.016891,-3.822629,England,County not found
3574,0.0,52.897659,-1.359998,England,County not found
E7075,0.0,52.490034,-0.666347,England,County not found
49104,0.0,50.509966,-4.568918,England,County not found
586820,0.4,54.444792,-3.103284,England,County not found
4103,,53.114911,-2.223306,England,County not found
550148,0.0,53.410189,-3.10942,England,County not found
594202,0.0,54.58826,-3.316076,England,County not found
3025,0.0,52.701554,-2.119078,England,County not found
575384,0.0,53.790306,-2.422692,England,County not found
E2410,0.0,51.204793,0.588909,England,County not found
263541TP,0.0,51.741752,-1.120101,England,County not found
052287,0.0,54.409101,-1.735735,England,County not found
E10500,0.0,51.000801,-0.904738,England,County not found
3100,0.0,52.830414,-1.607371,England,County not found
007292,0.0,55.033951,-1.969453,England,County not found
E12570,0.0,51.008538,-1.335019,England,County not found
244027TP,0.0,51.769108,0.016666,England,County not found
E21637,0.0,52.269301,0.00265,England,County not found
257039TP,0.0,52.072227,-1.333928,England,County not found
055R0521E_TG_326,0.0,52.221039,-2.984386,England,County not found
261923TP,0.0,51.825767,-0.852925,England,County not found
555207,0.0,53.114913,-2.221812,England,County not found
3611,0.0,53.485476,-0.775492,England,County not found
3601,0.0,53.231399,-0.806723,England,County not found
E24889,0.0,52.35513,1.431153,England,County not found
E37271,0.0,52.049494,0.452229,England,County not found
589359,0.0,54.342135,-3.21744,England,County not found
E2544,0.0,52.495753,-0.470258,England,County not found
239579TP,0.0,51.527809,0.085279,England,County not found
586493,0.0,54.246782,-2.923038,England,County not found
E21179,0.2,51.636308,0.385069,England,County not found
243045TP,0.0,51.965517,0.147752,England,County not found
558016,0.0,53.24456,-1.997705,England,County not found
1045,0.0,52.362576,-1.508732,England,County not found
E7105,0.0,53.359329,-0.017234,England,County not found
051729,0.2,54.413883,-1.988402,England,County not found
E24756,0.0,52.494069,1.157581,England,County not found
52101,0.0,50.971757,-3.122948,England,County not found
E22309,0.08,52.426228,0.740815,England,County not found
E14440,0.0,50.744376,-1.57404,England,County not found
52105,0.0,51.134741,-2.999693,England,County not found
571894,0.0,54.103514,-2.27294,England,County not found
E22400,0.0,52.177103,0.456319,England,County not found
49172,0.0,50.589351,-4.830395,England,County not found
579167,0.0,53.897316,-2.901619,England,County not found
E23392,0.0,52.835301,0.858574,England,County not found
E1700,0.0,51.046446,0.196269,England,County not found
1795,,52.416368,-2.837286,England,County not found
1769,0.0,52.199933,-2.097246,England,Worcestershire
585512,0.0,54.37577,-2.72272,England,Westmorland and Furness
603315,0.0,55.026371,-2.560748,England,Cumberland
600735,0.0,54.630789,-2.88989,England,Westmorland and Furness
E23657,,52.015604,-0.963195,England,Buckinghamshire
44213,0.6,50.825864,-2.686403,England,Dorset
276651TP,0.0,51.755019,-0.285332,England,Hertfordshire
575935,0.0,53.694788,-2.486856,England,Blackburn with Darwen
575935,,53.694788,-2.486856,England,Blackburn with Darwen
582837,0.1,54.090487,-2.425739,England,North Yorkshire
E23205,0.0,52.470804,1.73914,England,Suffolk
562417,0.0,53.60958,-2.440532,England,County not found
073422,0.0,54.100116,-2.164345,England,North Yorkshire
E23487,0.0,52.153042,1.061731,England,Suffolk
047439,0.0,54.31489,-2.180572,England,North Yorkshire
3110,0.0,53.122311,-2.011159,England,Staffordshire
1332,0.0,52.589321,-2.78744,England,Shropshire
E24865,0.0,51.733867,0.736365,England,Essex
E7270,0.0,50.890762,0.554388,England,East Sussex
3346,0.0,52.95331,-2.040883,England,Staffordshire
E3281,0.1,51.324099,0.908555,England,Kent
1141,0.0,51.777374,-2.093434,England,Gloucestershire
573674,0.0,53.971437,-2.529714,England,Lancashire
E19017,0.0,52.058925,0.296651,England,Essex
240662TP,0.0,51.937159,-0.384591,England,Hertfordshire
558491,0.0,53.38925,-1.919511,England,Derbyshire
059793,0.0,53.966652,-1.115089,England,York
013553,,54.820161,-2.445834,England,Westmorland and Furness
50108,,50.925011,-3.713738,England,Devon
E14920,0.0,50.691845,-1.308358,England,Isle of Wight
038476,0.0,54.107252,-0.128568,England,East Riding of Yorkshire
E11461,0.0,50.902688,-1.10472,England,Hampshire
E24727,0.0,52.7599,0.536425,England,Norfolk
576925,0.0,53.748659,-2.825643,England,Lancashire
300001TP,0.0,51.13979,-0.960059,England,Hampshire
53107,0.0,51.416755,-2.485269,England,Bath and North East Somerset
1409,0.0,52.59735,-3.029712,England,Shropshire
E8500,0.0,51.066083,-0.159624,England,West Sussex
283596TP,0.0,51.341055,-0.599459,England,Surrey
241243TP,0.0,51.950719,-0.145455,England,Hertfordshire
47102,0.0,50.766684,-4.425535,England,Cornwall
49162,0.0,50.438007,-4.948114,England,Cornwall
076204,0.0,53.787777,-1.627332,England,County not found
53102,0.0,51.549024,-2.052583,England,Wiltshire
E7120,,53.38716,-0.184362,England,Lincolnshire
E4080,0.0,51.258867,1.033447,England,Kent
287451TP,0.0,51.308021,-0.16144,England,Surrey
E12160,0.0,50.942234,-1.227791,England,Hampshire
53106,0.0,51.474338,-2.127367,England,Wiltshire
52225,0.0,51.260327,-2.806074,England,Somerset
265038TP,0.0,51.543602,-1.343114,England,West Berkshire
598147,,54.504409,-2.241634,England,Westmorland and Furness
417417TP,0.0,51.466604,-0.571144,England,Windsor and Maidenhead
45231,0.0,50.76725,-2.963477,England,Devon
247540TP,0.0,51.479469,-0.451216,England,County not found
074385,0.0,53.947438,-2.020525,England,North Yorkshire
035305,0.2,54.486239,-0.724171,England,North Yorkshire
1774,0.0,52.338976,-2.542273,England,Worcestershire
E9720,0.0,50.860296,-0.483186,England,West Sussex
1548,0.0,52.408068,-2.335847,England,Worcestershire
49108,0.2,50.733448,-4.549952,England,Cornwall
44214,0.5,50.842091,-2.502005,England,Dorset
559969,0.2,53.459311,-2.134747,England,County not found
570788,0.0,53.653543,-2.654324,England,Lancashire
E14940,0.0,50.681247,-1.198111,England,Isle of Wight
E22735,,51.998223,0.579089,England,Essex
E22322,0.0,52.227467,0.741731,England,Suffolk
604040,0.0,54.876682,-2.663085,England,Cumberland
E1300,0.0,51.141861,-0.009362,England,Surrey
E1908,0.0,53.316679,-0.344986,England,Lincolnshire
1552,0.0,52.541438,-2.193841,England,Staffordshire
3380,0.2,53.405172,-1.738982,England,Derbyshire
E5728,0.1,52.651369,0.565622,England,Norfolk
E2578,0.0,52.890974,-0.512865,England,Lincolnshire
E4090,0.0,51.297928,1.053239,England,Kent
068762,0.2,54.368186,-0.974109,England,North Yorkshire
E24767,0.0,52.323479,1.278981,England,Suffolk
53108,0.0,51.38314,-2.325412,England,Bath and North East Somerset
240470TP,0.0,51.775264,-0.196143,England,Hertfordshire
243679TP,,51.805204,0.20975,England,Essex
238097TP,,51.556104,0.161588,England,County not found
E13590,0.0,50.953747,-1.533691,England,Hampshire
287141TP,0.0,51.362722,-0.209526,England,County not found
039163,0.0,54.100377,-0.208409,England,East Riding of Yorkshire
E22218,0.0,52.295794,-0.512351,England,Bedford
E7160,0.0,52.649303,-0.762024,England,Rutland
E10140,0.0,51.023941,-0.551999,England,West Sussex
593321,,54.605133,-3.160254,England,Cumberland
034459,,54.518191,-0.964175,England,Redcar and Cleveland
45115,0.0,50.601997,-3.530985,England,Devon
E2450,,52.549176,-0.121801,England,Cambridgeshire
1087,0.4,52.067173,-1.611177,England,Warwickshire
E42135,0.0,53.232468,-0.366215,England,Lincolnshire
290007TP,0.0,51.507135,0.134772,England,County not found
605936,0.0,54.716254,-2.87779,England,Westmorland and Furness
45166,,50.859966,-3.239613,England,Devon
3641,0.0,52.738326,-1.320862,England,Leicestershire
3349,0.0,52.901997,-1.860947,England,Staffordshire
3861,0.0,53.521199,-1.045964,England,County not found
45113,,50.799653,-3.737529,England,Devon
E24737,0.0,52.32454,0.894501,England,Suffolk
52227,0.0,51.183161,-2.90631,England,Somerset
3781,0.0,52.49028,-1.866665,England,County not found
247344TP,0.0,51.550032,-0.415648,England,County not found
E13580,0.0,51.103128,-1.562184,England,Hampshire
574718,0.1,53.851109,-2.196809,England,Lancashire
43203,0.0,51.03167,-2.281587,England,Dorset
562992,,52.636608,-2.257802,England,Shropshire
289102TP,0.0,51.476541,-0.017866,England,County not found
E1691,,51.100206,0.007416,England,East Sussex
032822,0.0,54.633845,-1.480219,England,County Durham
613467,0.1,55.005582,-2.999799,England,Cumberland
E1645,0.0,53.664551,-0.343494,England,North Lincolnshire
E7130,0.0,53.534467,-0.499466,England,North Lincolnshire
3603,0.0,53.079174,-0.867665,England,Nottinghamshire
51102,0.0,51.117739,-3.349372,England,Somerset
E7180,0.2,50.903167,0.47968,England,East Sussex
E7170,0.0,53.077492,-0.622888,England,Lincolnshire
E2476,0.0,52.252632,-1.146653,England,West Northamptonshire
245176TP,0.0,51.588712,-0.112596,England,County not found
577271,0.0,53.783353,-2.991754,England,Lancashire
3773,0.0,53.032232,-1.050823,England,Nottinghamshire
1794,0.0,51.87509,-2.275208,England,Gloucestershire
290200TP,0.0,51.280521,0.134285,England,Kent
600986,0.2,54.497284,-2.690895,England,Westmorland and Furness
005588,0.0,55.174997,-1.521877,England,Northumberland
560631,0.0,53.718989,-2.194675,England,Lancashire
E8510,0.0,50.90639,-0.072052,England,East Sussex
E13560,0.0,50.993139,-1.491976,England,Hampshire
45157,,51.032617,-3.399666,England,Somerset
285630TP,0.1,51.288167,-0.337196,England,Surrey
E7070,0.0,52.207563,-0.73336,England,West Northamptonshire
037239,0.0,54.27325,-0.422074,England,North Yorkshire
E6770,0.0,50.965787,0.453104,England,East Sussex
007533,,55.035539,-1.772312,England,Northumberland
082509,0.2,53.367029,-1.59795,England,County not found
924203,0.2,55.765373,-2.031043,England,Northumberland
3441,0.2,53.134445,-1.432716,England,Derbyshire
E10370,0.0,50.999633,-0.78648,England,West Sussex
E10360,0.0,51.037622,-0.899591,England,Hampshire
004942,0.0,55.347002,-1.630189,England,Northumberland
584098,,54.128677,-2.71229,England,Lancashire
48105,0.0,50.303659,-5.098505,England,Cornwall
084532,,53.366844,-1.351488,England,County not found
48155,0.0,50.593242,-4.743017,England,Cornwall
E14880,0.0,50.671665,-1.399223,England,Isle of Wight
43205,0.0,50.755028,-1.936857,England,"Bournemouth, Christchurch and Poole"
561613,0.4,53.663285,-2.180798,England,Lancashire
243131TP,0.0,51.897439,0.182296,England,Essex
576578,0.0,53.811772,-2.647675,England,Lancashire
E2316,0.0,52.810264,-0.528974,England,Lincolnshire
E5729,0.1,52.949162,1.122162,England,Norfolk
080282,0.0,53.679365,-1.478411,England,County not found
3629,0.0,52.78808,-1.097664,England,Leicestershire
3629,,52.78808,-1.097664,England,Leicestershire
E6760,0.0,51.028745,0.275298,England,East Sussex
E44081,0.0,52.060314,0.493671,England,Suffolk
E901,0.0,51.15203,0.176969,England,Kent
054507,0.0,54.382707,-1.394093,England,North Yorkshire
021228,0.0,54.747962,-2.235316,England,County Durham
022994,0.0,54.624106,-1.870637,England,County Durham
52103,0.0,50.902608,-2.632068,England,Somerset
E22244,0.0,52.202674,-0.045714,England,Cambridgeshire
E24920,0.0,51.532357,0.738679,England,Essex
1603,0.2,52.224678,-2.731196,England,Herefordshire
E7190,,50.811276,0.219288,England,East Sussex
573342,0.0,53.986218,-2.429249,England,Lancashire
1819,0.0,52.178577,-2.411624,England,Worcestershire
46101,,50.393238,-3.731066,England,Devon
48171,0.0,50.035296,-5.208282,England,Cornwall
3767,0.0,53.022009,-1.417793,England,Derbyshire
E11191,0.0,50.923464,-0.81265,England,West Sussex
078922,0.2,53.60567,-1.766463,England,County not found
45169,0.0,50.80015,-3.436698,England,Devon
268103TP,0.0,51.53833,-1.56235,England,West Berkshire
075233,0.2,53.79732,-1.924807,England,County not found
254336TP,0.0,51.774757,-1.357157,England,Oxfordshire
E2859,,52.890503,-0.622875,England,Lincolnshire
606299,0.0,54.899013,-2.953493,England,Cumberland
E5734,0.1,51.554554,0.826576,England,Essex
E10000,0.0,50.950807,-0.528647,England,West Sussex
44104,0.0,50.671274,-2.491689,England,Dorset
E44091,0.0,51.964319,0.607714,England,Essex
476898_TG_333,,51.952233,-2.735485,England,Herefordshire
246847TP,,51.569374,-0.257694,England,County not found
52129,0.2,50.875913,-2.981351,England,Somerset
E21589,0.0,52.080162,1.29614,England,Suffolk
079621,0.0,53.698015,-1.667505,England,County not found
3683,0.0,52.697431,-1.117291,England,Leicestershire
028502,0.0,54.504568,-2.141258,England,County Durham
3026,0.0,52.79928,-2.275079,England,Staffordshire
52223,0.0,51.393485,-2.917648,England,North Somerset
E24775,,52.40222,1.542157,England,Suffolk
E21096,0.0,52.583985,0.346152,England,Norfolk
E14850,0.0,50.626578,-1.225903,England,Isle of Wight
1713,0.0,52.84224,-2.872181,England,Shropshire
022163,0.0,54.761631,-1.902834,England,County Durham
52147,0.0,51.053779,-2.892367,England,Somerset
E23470,0.0,52.191671,1.4844,England,Suffolk
E1457,0.0,53.275431,-0.63753,England,Lincolnshire
560557,0.0,53.431001,-2.352893,England,County not found
047281,0.0,54.275194,-2.263325,England,North Yorkshire
52150,0.1,51.005958,-2.643449,England,Somerset
061431,0.0,54.163943,-2.152346,England,North Yorkshire
013878,0.0,54.871077,-2.52275,England,Northumberland
291477TP,0.0,51.458979,0.11237,England,County not found
E23518,0.0,52.603459,1.16988,England,Norfolk
021028,0.0,54.938987,-1.393566,England,County not found
276036TP,,51.54306,-0.500973,England,Buckinghamshire
E2382,0.0,52.332215,-0.788506,England,West Northamptonshire
E5721,0.1,53.175194,-0.524002,England,Lincolnshire
E10120,0.0,51.120939,-0.616127,England,Surrey
E24187,,52.218546,1.268312,England,Suffolk
E6780,0.0,50.885427,0.672112,England,East Sussex
E5726,0.0,52.611622,-0.461792,England,City of Peterborough
240816TP,0.0,51.873475,-0.269208,England,Hertfordshire
50103,0.0,50.880864,-4.152815,England,Devon
47170,0.1,50.546683,-4.319646,England,Cornwall
531184,0.0,51.236826,-2.216949,England,Wiltshire
E21335,0.0,52.132397,-0.953181,England,West Northamptonshire
597519,0.0,54.362171,-2.342366,England,Westmorland and Furness
E23420,0.0,52.77483,1.151185,England,Norfolk
43105,0.0,51.358394,-1.927417,England,Wiltshire
50194,0.0,51.024089,-4.236452,England,Devon
017651,0.0,55.000299,-1.68497,England,County not found
47108,0.4,50.586706,-4.106872,England,Devon
1813,0.4,51.749956,-2.336734,England,Gloucestershire
284703TP,0.0,51.178085,-0.133707,England,Surrey
291241TP,0.2,51.367559,0.09523,England,County not found
E23646,0.4,52.571992,0.124144,England,Cambridgeshire
48181,0.0,50.339136,-4.836569,England,Cornwall
568363,,53.571911,-3.017001,England,Lancashire
1817,0.0,52.708345,-2.980518,England,Shropshire
531175,0.0,51.546033,-2.267448,England,South Gloucestershire
592448,1.4,54.498872,-3.181948,England,Cumberland
083280,0.0,53.194682,-1.434915,England,Derbyshire
E1928,,53.135319,-0.008131,England,Lincolnshire
241790TP,0.0,51.871184,-0.064476,England,Hertfordshire
253340TP,0.2,51.878717,-1.737736,England,Gloucestershire
585022,,54.440718,-2.825629,England,Westmorland and Furness
256345TP,0.0,52.168732,-1.235988,England,West Northamptonshire
026090,0.0,54.760776,-1.340287,England,County Durham
3178,0.0,52.999107,-1.06794,England,Nottinghamshire
053532,,54.318976,-1.637925,England,North Yorkshire
E8480,0.0,50.991504,0.152348,England,East Sussex
E22486,0.0,51.990419,0.395105,England,Essex
E24952,0.0,51.743647,0.324082,England,Essex
010660,0.2,55.320859,-2.396284,England,Northumberland
E24591,0.02,52.345564,0.484737,England,Suffolk
43103,0.0,51.164146,-1.894828,England,Wiltshire
287946TP,0.0,51.415955,-0.162865,England,County not found
E2050,0.0,51.098285,0.395836,England,Kent
E2040,0.0,51.138337,0.459382,England,Kent
45167,0.3,50.908664,-3.226683,England,Devon
E24585,,52.164986,-0.703865,England,City of Milton Keynes
010312,0.0,55.143004,-2.375693,England,Northumberland
E14420,0.0,50.824355,-1.559116,England,Hampshire
E1976,0.0,52.615107,-0.675844,England,Rutland
43201,0.3,51.085428,-2.353299,England,Somerset
3779,0.0,53.591168,-0.7392,England,North Lincolnshire
E43545,0.0,53.2518,-0.151126,England,Lincolnshire
E5731,0.1,52.226854,-0.464875,England,Bedford
035103,0.0,54.541989,-0.815179,England,North Yorkshire
E5170,0.0,51.117863,1.194265,England,Kent
1040,0.0,52.309441,-1.774803,England,Warwickshire
574656,0.1,53.833251,-2.102519,England,Lancashire
E23440,0.0,52.825263,1.408721,England,Norfolk
E24908,0.0,51.584133,0.637851,England,Essex
039268,0.0,54.04064,-0.241524,England,East Riding of Yorkshire
592464,2.2,54.511299,-3.197753,England,Cumberland
014555,0.0,54.97002,-2.500603,England,Northumberland
1140,0.0,51.875411,-2.019556,England,Gloucestershire
1140,,51.875411,-2.019556,England,Gloucestershire
288092TP,0.0,51.4214,-0.109429,England,County not found
44132,0.8,50.658982,-2.415165,England,Dorset
3771,0.0,52.948025,-1.088386,England,Nottinghamshire
47112,0.1,50.440912,-4.010253,England,Devon
591419,0.0,54.427181,-3.488178,England,Cumberland
E24732,0.0,52.516458,0.988183,England,Norfolk
569709,,53.604601,-2.556847,England,Lancashire
50188,0.0,51.178491,-4.106562,England,Devon
45183,0.0,51.114443,-3.795033,England,Devon
3288,0.0,52.542109,-1.696942,England,Warwickshire
46103,0.0,50.47913,-3.760983,England,Devon
E1966,0.0,52.5771,-0.125035,England,City of Peterborough
584772,0.0,54.328305,-2.694209,England,Westmorland and Furness
53111,0.0,51.315105,-2.495674,England,Bath and North East Somerset
52149,0.0,50.937299,-2.527224,England,Dorset
E24930,0.0,51.820817,1.005761,England,Essex
E21602,0.0,51.733425,0.429285,England,Essex
E8743,,50.853435,-0.133909,England,Brighton and Hove
E8743,0.0,50.853435,-0.133909,England,Brighton and Hove
3571,0.0,53.105132,-2.154547,England,Staffordshire
E5723,0.1,53.093909,-0.172837,England,Lincolnshire
E1606,0.0,52.930882,-0.4014,England,Lincolnshire
034091,0.0,54.596104,-1.039588,England,Redcar and Cleveland
575335,0.1,53.862447,-2.348914,England,Lancashire
575335,,53.862447,-2.348914,England,Lancashire
605382,,54.680261,-2.999541,England,Westmorland and Furness
E1716,0.0,52.434206,-0.92251,England,West Northamptonshire
040492,0.0,53.6913,-0.031959,England,East Riding of Yorkshire
586898,0.0,54.420696,-2.979342,England,Westmorland and Furness
E14430,0.0,50.760875,-1.670302,England,Hampshire
45208,0.0,50.850579,-2.888483,England,Somerset
1761,0.8,52.051393,-1.762976,England,Gloucestershire
3775,0.0,53.07731,-1.190151,England,Nottinghamshire
1112,0.0,51.684691,-2.162673,England,Gloucestershire
600140,0.1,54.500172,-2.930285,England,Westmorland and Furness
48169,0.0,50.191057,-5.514391,England,Cornwall
53101,0.0,51.602099,-2.455479,England,South Gloucestershire
E46331,0.0,53.248384,0.004612,England,Lincolnshire
077336,0.0,53.77754,-2.084173,England,County not found
3201,0.0,52.579333,-1.532878,England,Warwickshire
E24940,0.0,51.835947,0.597384,England,Essex
51126,0.0,51.124753,-3.200962,England,Somerset
E1980,0.0,52.24053,-1.091234,England,West Northamptonshire
E5722,0.0,53.031102,-0.503575,England,Lincolnshire
E9660,0.0,50.929364,-0.469557,England,West Sussex
48157,0.0,50.286686,-4.810984,England,Cornwall
076413,0.0,53.83349,-1.58894,England,County not found
53103,0.0,51.530109,-1.896872,England,Wiltshire
243543TP,,51.866534,0.247617,England,Essex
E2433,0.0,52.296783,-0.670693,England,North Northamptonshire
286392TP,0.0,51.400709,-0.284238,England,County not found
078772,0.8,53.552738,-1.824111,England,County not found
46161,0.0,50.384444,-3.523968,England,Torbay
563599,,53.462415,-2.368215,England,County not found
E5733,0.2,51.895742,0.451114,England,Essex
588705,0.0,54.190769,-3.163942,England,Westmorland and Furness
50101,0.0,50.975364,-4.291091,England,Devon
1771,0.0,52.911156,-2.637129,England,Shropshire
48159,0.0,50.222785,-5.161963,England,Cornwall
085960,0.0,53.527019,-1.385249,England,County not found
046222,0.0,53.719928,-0.676248,England,East Riding of Yorkshire
3198,0.0,52.530102,-1.383041,England,Leicestershire
238944TP,0.0,51.677024,0.235326,England,Essex
47106,0.0,50.562235,-4.481386,England,Cornwall
E46341,0.0,52.538018,-0.337559,England,Cambridgeshire
E21870,0.2,52.684352,0.927128,England,Norfolk
271491TP,0.0,51.330311,-0.763419,England,Surrey
E911,0.0,51.372501,0.217586,England,Kent
025878,0.0,54.823818,-1.36572,England,County Durham
55000A,,53.425407,-2.622222,England,Warrington
E8020,,50.91155,0.289494,England,East Sussex
E8020,0.0,50.91155,0.289494,England,East Sussex
E5732,0.1,52.124227,0.957474,England,Suffolk
562656,0.0,53.539768,-2.35078,England,County not found
562656,,53.539768,-2.35078,England,County not found
E24632,0.0,52.342401,-0.067451,England,Cambridgeshire
49101,0.0,50.481782,-4.701312,England,Cornwall
000182TP,0.0,51.885257,-0.156869,England,Hertfordshire
50111,0.0,51.163435,-3.937101,England,Devon
592158,0.0,54.498215,-3.557159,England,Cumberland
592158,,54.498215,-3.557159,England,Cumberland
E8030,0.0,50.99015,0.128061,England,East Sussex
47144,0.0,50.677206,-4.612016,England,Cornwall
070365,0.0,54.244415,-0.80684,England,North Yorkshire
E22683,0.0,51.971772,0.940138,England,Suffolk
E8290,0.0,51.434974,-0.353451,England,County not found
E5724,0.1,53.088074,0.270439,England,Lincolnshire
000076TP,0.0,51.701508,-0.747539,England,Buckinghamshire
270669TP,0.0,51.292403,-1.035495,England,Hampshire
3323,0.1,53.025808,-1.723384,England,Derbyshire
50105,0.0,50.703195,-3.977548,England,Devon
000997,0.0,55.58067,-1.645446,England,Northumberland
45100,0.4,51.161592,-3.769689,England,Somerset
47160,0.1,50.877791,-4.488167,England,Cornwall
47156,0.4,50.700026,-4.056719,England,Devon
576635,0.0,53.774607,-2.703245,England,Lancashire
E4850,0.0,51.359322,1.403568,England,Kent
E24718,0.0,52.29472,0.332298,England,Cambridgeshire
475212_TG_354,0.0,52.205774,-2.572843,England,Herefordshire
290578TP,0.0,51.367354,0.204407,England,Kent
1747,0.0,52.806646,-2.49764,England,Shropshire
44201,0.0,50.613852,-1.958246,England,Dorset
E24712,0.0,52.016759,-0.488107,England,Central Bedfordshire
006077,0.0,55.207377,-2.040032,England,Northumberland
51124,0.0,51.207152,-3.536655,England,Somerset
E24141,,52.307124,1.153055,England,Suffolk
531179,0.0,51.460233,-2.609517,England,City of Bristol
3096,0.0,52.615214,-2.152813,England,County not found
246726TP,0.0,51.610639,-0.312441,England,County not found
054371,0.0,54.419203,-1.515299,England,North Yorkshire
E8040,0.0,50.930862,0.267671,England,East Sussex
47164,0.201,50.501188,-4.060758,England,Devon
562811,,53.560873,-2.141109,England,County not found
46151,0.0,50.26339,-3.811942,England,Devon
E2527,0.0,52.191056,-1.087854,England,West Northamptonshire
3604,0.0,53.223303,-1.115505,England,Nottinghamshire
E3474,0.0,51.322006,1.228535,England,Kent
E46361,0.0,52.939919,-0.043906,England,Lincolnshire
E22335,0.0,51.946435,-0.544307,England,Central Bedfordshire
E3220,0.0,51.350566,0.74362,England,Kent
46107,0.5,50.58221,-3.897607,England,Devon
E24854,0.0,51.623807,0.826545,England,Essex
E24499,,52.702495,0.692966,England,Norfolk
45204,0.0,50.816541,-3.085152,England,Devon
237740TP,0.0,51.600133,0.258985,England,Essex
043533,0.0,53.999217,-0.43093,England,East Riding of Yorkshire
E5720,,53.306737,-0.547985,England,Lincolnshire
48102,0.0,50.223298,-5.305022,England,Cornwall
613905,0.0,55.089491,-2.693238,England,Cumberland
054604,0.0,54.32908,-1.456389,England,North Yorkshire
53113,0.0,51.290973,-1.963375,England,Wiltshire
279941TP,0.0,51.396984,-0.540252,England,Surrey
E26212,0.0,51.93437,-0.252319,England,Hertfordshire
3347,0.0,52.905076,-2.37685,England,Staffordshire
50109,0.0,50.985116,-3.661811,England,Devon
000180TP,0.0,51.618838,0.173236,England,County not found
569323,0.0,53.678587,-2.942358,England,Lancashire
000028,0.4,53.500289,-1.673575,England,County not found
1086,0.2,52.174506,-1.736002,England,Warwickshire
E7260,0.0,50.8635,0.56711,England,East Sussex
582970,0.0,54.122231,-2.572947,England,Lancashire
48103,0.0,50.1602,-5.114418,England,Cornwall
49147,0.0,50.391624,-5.071876,England,Cornwall
46167,0.0,50.592206,-3.717163,England,Devon
E7190,,50.811276,0.219288,England,East Sussex
E7190,0.0,50.811276,0.219288,England,East Sussex
588886,0.0,54.136092,-3.238939,England,Westmorland and Furness
45184,0.0,50.728619,-3.475599,England,Devon
45108_,,50.884946,-3.487642,England,Devon
E1711,,51.142735,0.09504,England,Kent
558844,0.6,53.49079,-1.883147,England,Derbyshire
45185,0.0,51.046267,-3.459994,England,Somerset
E2400,,51.096946,0.544313,England,Kent
E2400,0.0,51.096946,0.544313,England,Kent
2705SO,0.0,50.759531,-0.787028,England,West Sussex
035024NE,0.0,54.505434,-0.84558,England,North Yorkshire
588006,,54.378286,-3.103039,England,Westmorland and Furness
588006,0.0,54.378286,-3.103039,England,Westmorland and Furness
270397,0.0,51.44172,-0.937391,England,County not found
604742,0.0,54.670137,-2.788412,England,Westmorland and Furness
46168,0.0,50.680022,-3.738768,England,Devon
577794,0.0,53.986056,-2.662577,England,Lancashire
4527,,52.762972,-1.234524,England,Leicestershire
3642,0.0,52.762972,-1.234524,England,Leicestershire
305111,0.2,51.098221,1.155768,England,Kent
305111,0.0,51.098221,1.155768,England,Kent
562992_,0.0,53.535499,-2.263235,England,County not found
510001,0.0,51.838464,0.162023,England,Essex
46169,0.0,50.516559,-3.841369,England,Devon
45186,0.0,50.67998,-3.408962,England,Devon
1409Lucas,,52.59735,-3.029712,England,Shropshire
301666,0.0,51.131926,0.967934,England,Kent
E5650,,51.131926,0.967934,England,Kent
1112,,51.684691,-2.162673,England,Gloucestershire
E2561,0.0,52.310724,-0.888839,England,West Northamptonshire
E21326,0.0,52.428551,-0.353448,England,Cambridgeshire
E22268,0.0,52.041145,0.142627,England,Essex
7015,,52.221039,-2.984386,England,Herefordshire
1607,,52.023817,-2.913007,England,Herefordshire
1606,0.0,51.952233,-2.735485,England,Herefordshire
1606,,51.952233,-2.735485,England,Herefordshire
47176,,50.584943,-4.054524,England,Devon
1338,,52.612229,-3.417017,England,Powys
1750,,52.507038,-3.170517,England,Powys
1810,,52.320194,-3.058476,England,Powys
1408,,52.380137,-3.500663,England,Powys
1023SE,0.0,51.294661,1.108973,England,Kent
593362,0.3,54.614148,-3.157414,England,Cumberland
0744SE,0.1,51.266892,0.857627,England,Kent
0925SE,0.0,51.207877,1.383789,England,Kent
0924SE,0.0,51.251014,1.322456,England,Kent
563170,0.0,53.53478,-2.162144,England,County not found
1822SO,0.3,50.811276,0.219288,England,East Sussex
Coldw1,,53.823309,-2.154144,England,Lancashire
Mitch1,,53.742978,-2.323663,England,Lancashire
Edgeh1,,53.560463,-2.873303,England,Lancashire
582191,0.0,54.144383,-2.433946,England,North Yorkshire
579623,0.0,54.01325,-2.77441,England,Lancashire
EdgeH1,0.0,53.560463,-2.873303,England,Lancashire
45268,0.0,50.701123,-3.117886,England,Devon
Dubbs1,,54.406987,-2.892739,England,Westmorland and Furness
585122_,,54.406987,-2.892739,England,Westmorland and Furness
019271,0.0,55.033344,-1.614307,England,County not found
E42297,0.0,52.061887,0.546282,England,Essex
1930,0.0,52.080849,-2.563945,England,Herefordshire
2102SO,,51.105481,0.116212,England,East Sussex
294323,0.0,51.206865,0.129446,England,Kent
380002TP,0.0,51.571638,-0.289354,England,County not found
551440,,53.276556,-2.854006,England,Cheshire West and Chester
564154,,53.497891,-2.499671,England,County not found
463589,,51.758734,-2.612081,England,Gloucestershire
E25173,0.0,52.703292,0.697456,England,Norfolk
E48676,0.0,52.307124,1.153055,England,Suffolk
585122,0.0,54.406987,-2.892739,England,Westmorland and Furness
0323SO,,51.246536,0.022379,England,Surrey
340767,0.9,50.968137,-1.918056,England,Hampshire
604142,0.0,54.889007,-2.708497,England,Cumberland
E82080,0.0,50.391314,-3.739437,England,Devon
605543,0.1,54.713365,-3.01743,England,Cumberland
605543,,54.713365,-3.01743,England,Cumberland
E82120,0.0,51.116609,-3.940857,England,Devon
575092______________________________________,,53.742978,-2.323663,England,Lancashire
574786______________________________________,,53.823309,-2.154144,England,Lancashire
015313,0.0,55.010561,-2.08518,England,Northumberland
NelsonGC,0.0,53.820527,-2.210336,England,Lancashire
575092,0.0,53.742978,-2.323663,England,Lancashire
E82920,0.0,50.598409,-3.460219,England,Devon
E82960,0.0,50.475407,-3.581856,England,Torbay
1775,0.1,52.27751,-1.599081,England,Warwickshire
E84540,0.0,51.134635,-4.240361,England,Devon
E84360,0.0,50.799653,-3.737529,England,Devon
E82040,0.0,50.686641,-3.300157,England,Devon
E84500,0.0,51.195117,-3.978505,England,Devon
062916,,53.911915,-1.662765,England,North Yorkshire
574786,0.0,53.823309,-2.154144,England,Lancashire
1772,0.8,51.793782,-2.615455,England,Gloucestershire
3339,0.0,52.55502,-1.878268,England,County not found
592850,1.2,54.548496,-3.06434,England,Cumberland
075497,0.1,53.815189,-1.823015,England,County not found
585160,0.0,54.43892,-2.825593,England,Westmorland and Furness
14880,0.0,50.671665,-1.399223,England,Isle of Wight
540001RG,0.0,51.527809,0.085279,England,County not found
Egerton1,0.0,53.636515,-2.448375,England,Blackburn with Darwen
605324,0.6,54.583702,-3.237013,England,Cumberland
E60880,,51.164146,-1.894828,England,Wiltshire
E85220,0.0,51.037989,-3.736447,England,Devon
E82840,0.0,50.626112,-3.907858,England,Devon
NE063,,53.59597,-1.066946,England,County not found
Greens1,0.3,54.548278,-2.983943,England,Westmorland and Furness
E82880,0.4,51.199461,-3.702435,England,Somerset
3340,,52.446032,-1.746153,England,County not found
3340,0.0,52.446032,-1.746153,England,County not found
266474TP_TEMPNo,0.0,51.427328,-1.724504,England,Wiltshire
290320,0.0,51.292886,0.195101,England,Kent
603315,,55.026371,-2.560748,England,Cumberland
598145,0.1,54.504409,-2.241634,England,Westmorland and Furness
569723,0.0,53.604601,-2.556847,England,Lancashire
1403SE,0.0,51.130603,1.318089,England,Kent
1403SE,,51.130603,1.318089,England,Kent
574656,,53.833251,-2.102519,England,Lancashire
574656,,53.833251,-2.102519,England,Lancashire
E71440,0.0,51.277138,-1.712499,England,Wiltshire
15018,0,55.85329633,-2.387448356,Scotland,Scottish Borders
234150,0.2,57.48021805,-3.205975095,Scotland,Moray
115301,1.2,57.26272622,-5.005979754,Scotland,Highland
234170,0.6,57.24230294,-2.717123004,Scotland,Aberdeenshire
234151,0.2,58.34717676,-4.644621014,Scotland,Highland
115304,1.8,57.28490502,-6.187008123,Scotland,Highland
115500,1.2,55.66964373,-4.413260863,Scotland,East Ayrshire
115501,0,55.35009103,-5.717857841,Scotland,Argyll and Bute
15198,0.2,56.06640057,-3.371633207,Scotland,Fife
115506,0.4,55.66308049,-4.757486092,Scotland,North Ayrshire
491811,0.2,57.22063972,-3.651932222,Scotland,Highland
15163,0,56.11221933,-4.342412217,Scotland,Stirling
14964,0.6,56.31678388,-4.112254665,Scotland,Perth and Kinross
14952,0,56.47302976,-3.904678161,Scotland,Perth and Kinross
234161,1.6,57.50564634,-2.782377895,Scotland,Aberdeenshire
322556,0.2,55.66347112,-4.051617294,Scotland,South Lanarkshire
15132,0.2,55.84727645,-2.114611023,Scotland,Scottish Borders
518147,0.4,57.86243941,-5.318746664,Scotland,Highland
15103,0.5,55.7838821,-3.394584951,Scotland,Scottish Borders
501947,0.2,56.22101614,-3.042679056,Scotland,Fife
517412,0.4,56.06523441,-4.333343318,Scotland,Stirling
490985,0,55.73428872,-4.5878755,Scotland,North Ayrshire
115202,0.4,57.25007263,-2.0473803,Scotland,Aberdeenshire
374852,0.4,56.48264025,-2.905576117,Scotland,Dundee City
14897,0.4,56.09528478,-3.911816854,Scotland,Stirling
327235,0.8,55.98678855,-4.056528766,Scotland,North Lanarkshire
368536,0.1,55.65035093,-3.543765278,Scotland,South Lanarkshire
320371,1.2,58.16554218,-6.740713858,Scotland,Na h-Eileanan Siar
115516,0.2,55.52935031,-4.326283061,Scotland,East Ayrshire
115203,0.2,57.61017023,-3.222796593,Scotland,Moray
533744,0,55.59164323,-2.798878774,Scotland,Scottish Borders
115518,2.2,55.20254702,-3.320073284,Scotland,Dumfries and Galloway
101227,0.2,55.44068058,-4.49863386,Scotland,South Ayrshire
15161,0.8,56.28192154,-3.904225732,Scotland,Perth and Kinross
115315,0.2,56.98511362,-4.738585589,Scotland,Highland
133144,2.4,55.26142915,-2.824951121,Scotland,Scottish Borders
115521,0,55.03779638,-4.566314357,Scotland,Dumfries and Galloway
335609,0.4,56.02806207,-3.978158502,Scotland,Falkirk
14987,0,55.4061286,-3.211513384,Scotland,Scottish Borders
115523,0.2,55.66513433,-3.895712474,Scotland,South Lanarkshire
335612,0.2,55.86190844,-3.206554074,Scotland,Midlothian
234176,0.6,57.34816,-3.034565786,Scotland,Moray
523676,0.2,57.127702,-3.662955858,Scotland,Highland
115526,0.6,55.88933558,-3.904553259,Scotland,North Lanarkshire
338380,0.4,56.3008799,-2.650067453,Scotland,Fife
490984,0.2,55.75032761,-4.74461262,Scotland,North Ayrshire
306455,0,55.07786221,-2.942088127,Scotland,Dumfries and Galloway
576753,1,55.22666817,-3.816934219,Scotland,Dumfries and Galloway
577951,1.2,56.57464969,-2.741331877,Scotland,Angus
116042,0.2,54.90675279,-4.944931414,Scotland,Dumfries and Galloway
234183,0.4,56.94084906,-2.619402267,Scotland,Aberdeenshire
335574,0.6,56.97482596,-2.266470239,Scotland,Aberdeenshire
115534,0.8,56.30375755,-5.601429727,Scotland,Argyll and Bute
499810,0.4,56.94774412,-2.388756894,Scotland,Aberdeenshire
115318,1.2,57.23285188,-4.139289943,Scotland,Highland
115319,0.2,57.0643694,-5.134923813,Scotland,Highland
14921,0.8,56.61000991,-2.637841019,Scotland,Angus
552791,0.6,56.20150723,-4.60131038,Scotland,Stirling
525510,0,55.91019401,-3.21598827,Scotland,County not found
115322,0.4,57.33501743,-4.699729622,Scotland,Highland
336434,0,55.05876816,-3.945715778,Scotland,Dumfries and Galloway
115541,0.2,55.196659,-3.981943267,Scotland,Dumfries and Galloway
513003,0,54.86294592,-5.075279664,Scotland,Dumfries and Galloway
234190,1,58.20454028,-6.424227928,Scotland,Na h-Eileanan Siar
15224,0,55.84509063,-2.988655721,Scotland,Midlothian
234192,0.2,57.68712295,-2.83323079,Scotland,Moray
498341,0.8,57.47676464,-4.09126842,Scotland,Highland
115544,0,55.35068095,-4.791520726,Scotland,South Ayrshire
115546,0,54.92152642,-3.821987578,Scotland,Dumfries and Galloway
538510,0.8,55.44485443,-4.151929697,Scotland,East Ayrshire
327232,0.4,55.83262494,-4.122714806,Scotland,Glasgow City
205724,0.2,57.66404417,-3.071018416,Scotland,Moray
327234,0.6,55.8374507,-4.216965486,Scotland,Glasgow City
14960,0.2,56.79925858,-4.053453634,Scotland,Perth and Kinross
302120,0.4,56.94069555,-4.238639574,Scotland,Highland
341338,0.2,56.19223931,-4.077181451,Scotland,Stirling
234198,0.4,57.39970792,-3.357845061,Scotland,Moray
454765,0.2,57.02065155,-3.58738853,Scotland,Aberdeenshire
335582,0.4,57.18037959,-2.983867766,Scotland,Aberdeenshire
115329,0.4,57.59992025,-4.446997097,Scotland,Highland
133077,0.2,55.58274848,-5.496523588,Scotland,Argyll and Bute
115217,0.8,57.61125291,-3.115476523,Scotland,Moray
234202,0.8,57.59587318,-5.005770119,Scotland,Highland
464646,1.2,56.18484641,-3.532323684,Scotland,Perth and Kinross
115557,0.6,55.24992466,-4.32205779,Scotland,Dumfries and Galloway
377134,0.8,57.48325079,-4.006176025,Scotland,Highland
15216,0.2,56.00371307,-2.52752897,Scotland,East Lothian
530175,1,57.19161541,-4.767634199,Scotland,Highland
115559,0,55.70737993,-4.528674906,Scotland,East Ayrshire
509196,0.6,56.94652496,-2.21202446,Scotland,Aberdeenshire
15180,1.2,55.97221885,-3.954505606,Scotland,North Lanarkshire
365257,1,56.45050242,-5.439870612,Scotland,Argyll and Bute
234207,0,59.10852817,-3.232172832,Scotland,Orkney Islands
568155,0.4,56.07055238,-4.07597911,Scotland,Stirlingshire
115560,1.2,55.75477386,-4.171759227,Scotland,South Lanarkshire
15201,0,55.96662337,-3.212310737,Scotland,County not found
492363,1,57.94421601,-4.764511928,Scotland,Highland
115562,0,55.34583036,-3.899113859,Scotland,Dumfries and Galloway
15100,1.6,55.31151326,-3.206798775,Scotland,Dumfries and Galloway
115221,0.4,57.36510966,-2.112363417,Scotland,Aberdeenshire
115563,0.2,55.85650223,-5.145834193,Scotland,Argyll and Bute
15151,0.4,56.1816502,-3.222449068,Scotland,Fife
115339,0.6,57.33128618,-4.221750189,Scotland,Highland
336372,1.2,57.50635026,-1.843281987,Scotland,Aberdeenshire
115340,0,58.41100711,-3.873563607,Scotland,Highland
14948,0.4,56.76674681,-3.332205729,Scotland,Angus
115565,1.8,55.1650788,-3.412506453,Scotland,Dumfries and Galloway
552790,0.6,56.22694162,-4.56047225,Scotland,Stirling
115223,0.6,57.09199509,-3.165582141,Scotland,Aberdeenshire
14892,0.4,56.13266077,-4.070571402,Scotland,Stirling
301168,2,55.36599829,-3.616030256,Scotland,South Lanarkshire
464495,0.6,57.17006125,-4.442843871,Scotland,Highland
115568,0.8,55.25076797,-3.730683565,Scotland,Dumfries and Galloway
14916,1,56.77535832,-3.027929218,Scotland,Angus
474984,0,55.89043578,-2.768969478,Scotland,East Lothian
15114,0,55.80025456,-2.883463821,Scotland,Scottish Borders
15204,0.2,55.7784118,-3.117398754,Scotland,Midlothian
335745,0.2,56.35457736,-4.269993694,Scotland,Stirling
115343,0.4,56.79923208,-5.067543348,Scotland,Highland
133088,0,56.42522107,-5.000795867,Scotland,Argyll and Bute
368490,0,55.48202196,-3.477754728,Scotland,Scottish Borders
327238,1.2,55.89359141,-4.013210328,Scotland,North Lanarkshire
115225,1.2,57.16421784,-3.677609728,Scotland,Highland
367371,0.8,56.95161175,-3.141253355,Scotland,Aberdeenshire
464636,0.6,56.20739317,-3.642080305,Scotland,Perth and Kinross
15196,0.2,55.92834002,-3.342742573,Scotland,County not found
14984,1,55.51137227,-3.096406906,Scotland,Scottish Borders
15226,0,55.96050923,-2.75022457,Scotland,East Lothian
234231,0,58.5154974,-3.493004244,Scotland,Highland
335614,0,55.91651494,-3.086776845,Scotland,Midlothian
15200,0,55.83652095,-3.435270947,Scotland,West Lothian
335640,0.2,56.52513594,-2.648539891,Scotland,Angus
115227,0,57.42757524,-1.909678484,Scotland,Aberdeenshire
115582,2,56.26715284,-5.494662553,Scotland,Argyll and Bute
15166,0.2,56.1262023,-4.446294544,Scotland,Stirling
469625,0,55.74447583,-4.86116797,Scotland,North Ayrshire
115584,1,55.34214596,-3.452988353,Scotland,Dumfries and Galloway
115354,0.8,57.40830735,-4.957620811,Scotland,Highland
115585,0,54.81170556,-4.166358356,Scotland,Dumfries and Galloway
336367,0.8,57.45203372,-4.184715941,Scotland,Highland
115230,0.6,56.98569953,-3.500915775,Scotland,Aberdeenshire
14926,1,56.91121364,-2.914811966,Scotland,Angus
115588,0.4,56.2473573,-4.71287133,Scotland,Argyll and Bute
367365,0,57.2583172,-2.362253256,Scotland,Aberdeenshire
115589,0.4,55.58754361,-4.663320263,Scotland,North Ayrshire
367360,1.2,57.55084994,-2.952079018,Scotland,Moray
341380,0.6,55.91108458,-4.305014408,Scotland,East Dunbartonshire
234252,0,57.31881832,-5.424835603,Scotland,Highland
14933,0.6,56.45816211,-4.331876561,Scotland,Stirling
234253,0,58.14138911,-3.702814019,Scotland,Highland
14890,1.2,56.2255551,-3.949530685,Scotland,Stirling
14955,0.2,56.74926972,-3.544931301,Scotland,Perth and Kinross
473550,0.2,56.07462319,-3.193432968,Scotland,Fife
14972,0,55.54240926,-3.413947163,Scotland,Scottish Borders
14968,1.4,56.33018709,-3.726992915,Scotland,Perth and Kinross
115596,0,55.01095443,-3.351411196,Scotland,Dumfries and Galloway
335617,0.8,56.11765342,-3.147961765,Scotland,Fife
504458,0,54.84543419,-4.038511682,Scotland,Dumfries and Galloway
515885,0,58.98622363,-2.949352863,Scotland,Orkney Islands
361048,1.4,56.65983513,-2.999773468,Scotland,Angus
115599,0.4,55.15077902,-4.571934377,Scotland,Dumfries and Galloway
115363,0.2,58.03118174,-5.07294078,Scotland,Highland
368486,0,55.75636712,-2.369501202,Scotland,Scottish Borders
115600,0,55.04328363,-4.913741812,Scotland,Dumfries and Galloway
115603,0.2,55.67436394,-3.795938206,Scotland,South Lanarkshire
354621,0.2,57.9748238,-5.100589967,Scotland,Highland
14902,1.2,56.2213192,-3.42872292,Scotland,Perth and Kinross
356217,2.2,57.86865846,-6.893581696,Scotland,Na h-Eileanan Siar
338381,0.6,56.60403394,-2.609495534,Scotland,Angus
133106,0.2,56.01244753,-5.422443562,Scotland,Argyll and Bute
234264,0.4,58.17438109,-5.152302768,Scotland,Highland
354613,0.4,58.04827715,-4.855312073,Scotland,Highland
115368,0,57.73309629,-4.936434641,Scotland,Highland
14910,0.4,56.22701614,-4.43624573,Scotland,Stirling
485489,0.4,56.23604254,-4.853369348,Scotland,Argyll and Bute
354622,2,57.56195723,-7.316740973,Scotland,Na h-Eileanan Siar
14898,0,56.23425763,-4.25686637,Scotland,Stirling
336847,1.4,57.41478835,-3.691385645,Scotland,Highland
509677,0.2,55.78853152,-4.618943233,Scotland,Renfrewshire
473167,0.8,57.71918475,-3.323337879,Scotland,Moray
115611,0,54.90352684,-4.18922643,Scotland,Dumfries and Galloway
14865,0,56.02022484,-2.821888561,Scotland,East Lothian
115376,0.2,57.5445048,-5.123945869,Scotland,Highland
327237,0.4,55.98447497,-4.240765022,Scotland,East Dunbartonshire
129558,0.2,56.09892116,-4.638863963,Scotland,Argyll and Bute
14974,0,55.64733183,-3.25808918,Scotland,Scottish Borders
115616,0.6,55.40534471,-3.799886702,Scotland,Dumfries and Galloway
115617,0,55.13494009,-3.439865821,Scotland,Dumfries and Galloway
354623,1.8,57.2886568,-7.368331541,Scotland,Na h-Eileanan Siar
115618,0.2,55.74955539,-4.907441406,Scotland,North Ayrshire
494729,0.6,57.89128749,-4.084164503,Scotland,Highland
338429,0,54.9588823,-4.471659058,Scotland,Dumfries and Galloway
14949,0,56.57276553,-4.388958153,Scotland,Perth and Kinross
115235,0.6,57.00199506,-2.388582046,Scotland,Aberdeenshire
15078,1.2,56.69908575,-2.491155025,Scotland,Angus
15022,0,55.77012815,-2.279193263,Scotland,Scottish Borders
115622,0,55.51335703,-4.096604222,Scotland,East Ayrshire
490986,0.6,55.84918458,-4.742664896,Scotland,Renfrewshire
372859,0.2,55.91287677,-3.317681386,Scotland,County not found
335650,1.2,56.65077608,-2.823539396,Scotland,Angus
335651,0.2,56.46017678,-3.075838089,Scotland,Perth and Kinross
341224,0.6,57.59406094,-3.842759406,Scotland,Highland
234289,0.4,57.42953514,-5.429999168,Scotland,Highland
15083,0,56.25431474,-3.186268594,Scotland,Fife
115627,0.2,55.10134134,-3.742902191,Scotland,Dumfries and Galloway
335797,0.2,57.13140193,-2.061103972,Scotland,County not found
335621,0,56.03149667,-2.734270572,Scotland,East Lothian
15215,0,55.92185875,-2.653499917,Scotland,East Lothian
367364,1.2,57.35801578,-2.577016947,Scotland,Aberdeenshire
15007,0.8,55.54491924,-2.473314492,Scotland,Scottish Borders
335375,0,55.23585144,-4.747897404,Scotland,South Ayrshire
341345,1.2,56.38611935,-3.464092253,Scotland,Perth and Kinross
115632,1.2,55.73611493,-4.281846657,Scotland,East Renfrewshire
486057,0.2,57.59946107,-3.433170424,Scotland,Moray
234294,0.4,57.05514629,-3.083180673,Scotland,Aberdeenshire
234295,0.6,56.75844885,-5.613663683,Scotland,Highland
15187,0.4,55.99776804,-3.680208641,Scotland,Falkirk
115634,0,54.87093795,-3.744601282,Scotland,Dumfries and Galloway
344764,0.2,55.50523784,-4.610940702,Scotland,South Ayrshire
335575,1.2,57.63465034,-2.025944065,Scotland,Aberdeenshire
115638,0.4,56.0079586,-4.377500029,Scotland,Stirling
485490,0.2,56.22216848,-4.859016846,Scotland,Argyll and Bute
115390,0,58.11499626,-4.439159665,Scotland,Highland
336217,0.8,58.42139172,-4.991227379,Scotland,Highland
368013,0.6,57.3317252,-2.828953912,Scotland,Aberdeenshire
133124,0.2,56.05257642,-4.55746111,Scotland,West Dunbartonshire
15070,0,56.29912602,-3.202717904,Scotland,Fife
115239,1.4,57.40900118,-2.466784574,Scotland,Aberdeenshire
15155,0.4,56.12224003,-3.585958925,Scotland,Fife
115645,0.2,55.60098751,-4.226431521,Scotland,East Ayrshire
347562,0,57.51892459,-4.985935657,Scotland,Highland
234305,0.2,57.89327664,-4.546976399,Scotland,Highland
14975,0.2,55.72796917,-3.207291434,Scotland,Scottish Borders
494255,0.2,55.81395203,-3.811987501,Scotland,North Lanarkshire
464630,0.2,55.94205217,-3.832217321,Scotland,Falkirk
234314,2,57.27399763,-3.875997348,Scotland,Highland
115647,0,55.08629786,-3.086937218,Scotland,Dumfries and Galloway
115648,0,54.79252816,-4.42628864,Scotland,Dumfries and Galloway
115649,1,55.73251416,-4.350287842,Scotland,East Renfrewshire
234315,0.6,57.01121062,-4.336367491,Scotland,Highland
335620,0.2,56.2047855,-2.78271364,Scotland,Fife
536844,0.8,55.72543649,-4.445306033,Scotland,East Ayrshire
300383,0.8,55.94300475,-4.172710018,Scotland,East Dunbartonshire
11368,0.8,56.33136897,-2.863918962,Scotland,Fife
234319,0,58.55872143,-4.002604762,Scotland,Highland
15172,0.6,56.32054504,-4.328975608,Scotland,Stirling
361047,0.6,56.36918493,-3.92115763,Scotland,Perth and Kinross
511327,0.4,57.12504883,-2.851450464,Scotland,Aberdeenshire
14999,3.6,55.34222734,-2.936481216,Scotland,Scottish Borders
115244,0.2,57.20200168,-3.249607166,Scotland,Moray
15158,0.4,56.148819,-3.7458095,Scotland,Clackmannanshire
115654,0,56.62026156,-6.080645248,Scotland,Argyll and Bute
564863,0.4,57.33816398,-4.013360208,Scotland,Highland
15190,0.2,55.8968016,-3.267160193,Scotland,County not found
234326,0.2,57.52198313,-3.446843553,Scotland,Moray
323188,0.4,54.99473579,-3.568993615,Scotland,Dumfries and Galloway
234327,1,57.0717185,-3.998638147,Scotland,Highland
115247,0.8,57.39918687,-3.44381882,Scotland,Highland
506152,1,55.24281443,-2.964073002,Scotland,Dumfries and Galloway
116007,0.6,56.39271229,-4.463706898,Scotland,Stirling
115406,0.6,57.59399199,-4.374371661,Scotland,Highland
234331,0.8,57.58239454,-3.608335401,Scotland,Moray
369554,1,56.89929851,-2.820760629,Scotland,Angus
115660,0.8,55.79484353,-4.353627607,Scotland,Glasgow City
116008,0,60.2593269,-1.288604022,Scotland,Shetland Islands
115250,0.2,57.14756943,-2.291989375,Scotland,Aberdeenshire
14881,0.2,55.87157334,-3.682936938,Scotland,West Lothian
502874,0,55.1412921,-4.677220867,Scotland,South Ayrshire
1000,0.2,53.115798,-3.2966817,Wales,Denbighshire
1001,0.0,52.777033,-3.3678892,Wales,Powys
1002,0.2,53.13914,-3.6776504,Wales,Conwy
1003,0.0,53.21974,-3.2090409,Wales,Flintshire
1004,0.0,53.168868,-3.5703166,Wales,Conwy
1005,0.0,53.264584,-3.451024,Wales,Denbighshire
1006,1.2,53.139911,-3.8020403,Wales,Conwy
1007,0.2,52.994328,-3.7735611,Wales,Conwy
1008,0.6,53.025858,-2.9535249,Wales,Wrexham
1009,0.2,53.103689,-3.0905588,Wales,Flintshire
1010,0.0,53.149188,-3.1968299,Wales,Denbighshire
1011,0.0,53.172387,-3.1374823,Wales,Flintshire
1012,0.2,53.07142,-3.1305951,Wales,Denbighshire
1013,0.0,53.20943,-3.1254213,Wales,Flintshire
1014,1.0,52.907416,-3.5834893,Wales,Gwynedd
1015,0.2,52.963273,-3.7248509,Wales,Gwynedd
1016,0.2,53.063499,-3.5599289,Wales,Conwy
1017,1.0,52.828567,-3.7070105,Wales,Gwynedd
1018,0.8,52.945151,-3.6667397,Wales,Gwynedd
1019,0.0,52.812674,-4.5096962,Wales,Gwynedd
1020,0.0,53.212105,-4.1423227,Wales,Gwynedd
1021,0.0,53.0267,-4.1256637,Wales,Gwynedd
1022,0.0,53.168505,-4.0657308,Wales,Gwynedd
1023,0.0,52.918085,-4.2493954,Wales,Gwynedd
1024,0.0,53.067313,-4.0113282,Wales,Gwynedd
1025,0.0,52.954232,-4.4423451,Wales,Gwynedd
1026,0.0,53.339472,-4.4409252,Wales,Ynys Mn / Isle of Anglesey
1027,0.0,53.268208,-4.3332764,Wales,Ynys Mn / Isle of Anglesey
1028,0.0,53.264115,-4.6131789,Wales,Ynys Mn / Isle of Anglesey
1029,0.2,52.679265,-3.8125868,Wales,Gwynedd
1030,0.2,52.740274,-3.6463927,Wales,Gwynedd
1031,0.0,52.648513,-3.5993058,Wales,Powys
1032,0.0,52.930315,-4.1223199,Wales,Gwynedd
1033,0.2,52.797615,-3.785006,Wales,Gwynedd
1034,0.0,51.809656,-3.2167269,Wales,Blaenau Gwent
1035,0.2,51.755288,-3.1299887,Wales,Blaenau Gwent
1036,0.2,51.589311,-3.1640454,Wales,Caerphilly
1037,0.0,51.651951,-3.2967281,Wales,Caerphilly
1038,0.0,51.534456,-3.2272079,Wales,Cardiff
1039,0.2,52.253424,-3.6387904,Wales,Powys
1040,0.8,51.718341,-3.0303118,Wales,Torfaen
1041,0.2,51.689408,-3.2075244,Wales,Caerphilly
1042,0.2,51.793003,-3.4337095,Wales,Merthyr Tydfil
1043,0.2,51.679039,-3.4881214,Wales,Rhondda Cynon Taf
1044,0.4,51.657853,-3.3975177,Wales,Rhondda Cynon Taf
1045,0.2,51.797889,-3.3662566,Wales,Merthyr Tydfil
1046,0.0,51.48559,-3.2672733,Wales,Cardiff
1047,0.6,51.684092,-3.2987023,Wales,Merthyr Tydfil
1048,0.0,51.681388,-3.5444086,Wales,Rhondda Cynon Taf
1049,0.2,51.939018,-3.4015996,Wales,Powys
1050,0.4,51.577237,-2.8022824,Wales,Monmouthshire
1051,0.2,51.887655,-3.6229202,Wales,Powys
1052,0.2,51.757223,-3.060275,Wales,Torfaen
1053,2.4,51.615371,-2.9808499,Wales,Gwent
1054,1.4,51.647988,-3.0549345,Wales,Torfaen
1055,0.4,51.872726,-3.4792559,Wales,Powys
1056,0.0,51.926712,-3.1276293,Wales,Powys
1057,0.0,52.067549,-3.4469381,Wales,Powys
1058,0.2,51.946841,-3.69791,Wales,Powys
1059,0.0,51.594504,-3.0319675,Wales,Gwent
1060,0.2,51.419039,-3.2095882,Wales,Vale of Glamorgan
1061,0.0,51.453264,-3.4452457,Wales,Vale of Glamorgan
1062,0.0,51.554746,-3.4032689,Wales,Rhondda Cynon Taf
1063,0.6,51.534929,-3.3377777,Wales,Rhondda Cynon Taf
1064,0.2,52.101146,-3.61863,Wales,Powys
1065,0.2,52.301424,-3.1696106,Wales,Powys
1066,0.0,52.232077,-3.2010548,Wales,Powys
1067,0.0,52.361103,-3.4251721,Wales,Powys
1068,0.6,52.253548,-3.6389414,Wales,Powys
1069,0.4,52.274175,-3.563221,Wales,Powys
1070,0.2,52.390532,-3.3284839,Wales,Powys
1071,0.0,51.83357,-3.6817437,Wales,Powys
1072,0.0,52.404212,-3.6068589,Wales,Powys
1073,0.2,52.251331,-3.3906523,Wales,Powys
1074,0.0,52.428262,-3.7013381,Wales,Powys
1075,0.0,52.295116,-3.4987181,Wales,Powys
1076,0.0,51.959281,-3.053554,Wales,Monmouthshire
1077,0.0,52.004936,-3.236804,Wales,Powys
1078,0.0,52.033022,-3.1738457,Wales,Powys
1079,0.2,51.819674,-3.8593012,Wales,Sir Gaerfyrddin / Carmarthenshire
1080,0.2,51.834186,-3.9601068,Wales,Sir Gaerfyrddin / Carmarthenshire
1081,0.0,51.663436,-4.1102684,Wales,Sir Gaerfyrddin / Carmarthenshire
1082,0.0,51.699999,-4.1489598,Wales,Sir Gaerfyrddin / Carmarthenshire
1083,0.2,51.770371,-4.0004888,Wales,Swansea
1084,0.0,51.811983,-4.0850684,Wales,Sir Gaerfyrddin / Carmarthenshire
1085,0.0,51.800749,-4.2424719,Wales,Sir Gaerfyrddin / Carmarthenshire
1086,0.0,51.735134,-3.939118,Wales,Swansea
1087,0.0,51.679626,-3.6546251,Wales,Neath Port Talbot
1088,0.0,51.720656,-3.7544117,Wales,Neath Port Talbot
1089,0.0,51.661741,-3.7060829,Wales,Neath Port Talbot
1090,0.2,51.749142,-3.5423442,Wales,Rhondda Cynon Taf
1091,0.0,51.70922,-3.7023257,Wales,Neath Port Talbot
1092,0.6,51.635761,-3.5252862,Wales,Bridgend
1093,0.6,51.504862,-3.5398578,Wales,Bridgend
1094,0.2,51.644625,-3.6452708,Wales,Neath Port Talbot
1095,0.0,51.581417,-3.6196189,Wales,Bridgend
1096,0.0,51.760836,-5.0170933,Wales,Pembrokeshire
1097,0.0,51.851752,-4.8887233,Wales,Pembrokeshire
1098,0.0,51.949257,-4.591997,Wales,Pembrokeshire
1099,0.0,51.933469,-4.812237,Wales,Pembrokeshire
1100,0.0,51.942333,-5.0822954,Wales,Pembrokeshire
1101,0.0,51.720185,-4.7250113,Wales,Pembrokeshire
1102,0.0,51.786916,-4.6363572,Wales,Sir Gaerfyrddin / Carmarthenshire
1103,0.0,51.67497,-4.7279362,Wales,Pembrokeshire
1104,0.0,51.944699,-4.5026199,Wales,Sir Gaerfyrddin / Carmarthenshire
1105,0.0,52.456274,-3.939291,Wales,Ceredigion
1106,0.0,52.438418,-4.032387,Wales,Ceredigion
1107,0.0,52.396077,-3.899963,Wales,Ceredigion
1108,0.0,52.43132,-3.8445516,Wales,Ceredigion
1109,0.0,52.361068,-3.8778697,Wales,Ceredigion
1110,0.0,52.35856,-3.8033513,Wales,Ceredigion
1111,0.0,51.675909,-3.8676233,Wales,Swansea
1112,0.2,51.831788,-3.682432,Wales,Powys
1113,0.0,51.653591,-4.0321915,Wales,Swansea
1114,0.0,51.566161,-4.2683361,Wales,Swansea
1115,0.0,51.570137,-4.0840957,Wales,Swansea
1116,0.0,51.718996,-3.9246881,Wales,Swansea
1117,0.2,51.705465,-3.8649473,Wales,Neath Port Talbot
1118,0.0,51.61241,-3.962119,Wales,Swansea
1119,0.2,51.818137,-3.5388527,Wales,Powys
1120,0.0,51.76356,-3.7769427,Wales,Neath Port Talbot
1121,0.0,51.784139,-3.8212604,Wales,Neath Port Talbot
1122,0.0,52.122017,-4.0428775,Wales,Ceredigion
1123,0.0,52.112845,-4.6550283,Wales,Ceredigion
1124,0.0,52.062139,-4.5848751,Wales,Ceredigion
1125,0.0,52.246116,-4.0669889,Wales,Ceredigion
1126,0.0,52.284198,-3.8660693,Wales,Ceredigion
1127,0.0,52.12733,-4.2502918,Wales,Ceredigion
1128,0.0,51.98461,-4.0599328,Wales,Sir Gaerfyrddin / Carmarthenshire
1129,0.0,52.039591,-3.9334614,Wales,Sir Gaerfyrddin / Carmarthenshire
1130,0.2,52.044935,-3.7468461,Wales,Sir Gaerfyrddin / Carmarthenshire
1131,0.2,51.89985,-3.7488421,Wales,Sir Gaerfyrddin / Carmarthenshire
1132,0.0,51.952713,-3.7835835,Wales,Sir Gaerfyrddin / Carmarthenshire
1133,0.0,52.209938,-3.8141568,Wales,Ceredigion
1134,0.0,52.005407,-4.2669858,Wales,Sir Gaerfyrddin / Carmarthenshire
1135,0.0,51.911631,-4.2592189,Wales,Sir Gaerfyrddin / Carmarthenshire
1136,0.2,52.109203,-3.7717883,Wales,Sir Gaerfyrddin / Carmarthenshire
1137,0.2,51.414662,-3.5058489,Wales,Vale of Glamorgan
1138,0.0,52.612343,-3.4172196,Wales,Powys
1139,0.0,52.500357,-3.6611167,Wales,Powys
1140,0.0,52.522556,-3.4298627,Wales,Powys
1141,0.0,52.760714,-3.25586,Wales,Powys
1142,0.2,52.82135,-3.4081627,Wales,Powys
1143,0.2,52.380125,-3.5009052,Wales,Powys
1144,0.2,52.717569,-3.5144498,Wales,Powys
1145,1.2,52.879647,-3.1591232,Wales,Powys
1146,0.0,52.320487,-3.057786,Wales,Powys
1147,0.0,52.50728,-3.1706195,Wales,Powys
1148,0.8,52.757895,-3.4604257,Wales,Powys
1149,0.2,52.657226,-3.1330043,Wales,Powys
